SLEOP_ID,Candidate_SLEOP_ID,ElectionDate,ElectionType,ResultType,ElectionDistrict,ElectionCouncil,CandidateSurname,CandidateFirstName,CandidatePoliticalParty,CandidatePoliticalPartyColor,ValidVotes,ValidVotesPercent,Winner,ResultStatus,CandidatePhoto1,CandidatePhoto,ElectionRound
29772,18730,2018-03-07,Mayor,"District Results","Western Area Urban","Freetown City Council",Aki-Sawyerr,Denise,APC,FF333C,309581,59.92,Yes,Final/Certified,/sites/default/files/yvonne-denis-aki-sawyerr_1.jpg,yvonne-denis-aki-sawyerr.jpg,"First Round"
3879,1100,2012-11-17,Mayor,"District Results","Western Area Urban",,Gibson,"Sam Franklyn",,,303639,68.56,,Final/Certified,,,"First Round"
1577,1100,2012-11-17,Mayor,"District Results","Western Area Urban",,Gibson,"Sam Franklyn",,,303639,68.56,,Final/Certified,,,"First Round"
29779,18736,2018-03-07,Mayor,"District Results","Western Area Urban","Freetown City Council","Desouza George",Raymond,SLPP,009900,167200,32.36,No,Provisional,/sites/default/files/male-blank-profile-photo.png,male-blank-profile-photo.png,"First Round"
3882,1101,2012-11-17,Mayor,"District Results","Western Area Urban",,Sesay-Jones,Abraham,,,127344,28.75,,Final/Certified,,,"First Round"
1578,1101,2012-11-17,Mayor,"District Results","Western Area Urban",,Sesay-Jones,Abraham,,,127344,28.75,,Final/Certified,,,"First Round"
3863,1026,2012-11-12,Mayor,"District Results",Bo,,Bindi,"Joseph Munda",,,107524,79.00,,Final/Certified,,,"First Round"
935,934,2012-11-17,Mayor,"District Results",Moyamba,,Kandeh,"Herbert Borbor",,,72719,65.96,,,,,"First Round"
29787,18744,2018-03-07,Mayor,"District Results",Kenema,"Kenema City Council",Baio,Thomas,SLPP,009900,69359,79.64,Yes,Final/Certified,/sites/default/files/male-blank-profile-photo.png,male-blank-profile-photo.png,"First Round"
29766,18724,2018-03-07,Mayor,"District Results",Bo,"Bo City Council",Tucker,Harold,SLPP,009900,67355,73.13,Yes,Final/Certified,/sites/default/files/male-blank-profile-photo.png,male-blank-profile-photo.png,"First Round"
3869,1091,2012-11-17,Mayor,"District Results",Bo,,Tucker,"Harold Logie",,,55657,69.07,,Final/Certified,,,"First Round"
3896,1075,2012-11-17,Mayor,"District Results",Kenema,,Keifala,"Joseph samba",,,53760,74.99,,Final/Certified,,,"First Round"
3851,1075,2012-11-17,Mayor,"District Results",Kenema,,Keifala,"Joseph samba",,,53760,74.99,,Final/Certified,,,"First Round"
29794,18751,2018-03-07,Mayor,"District Results",Bombali,"Makeni City Council",Kamara,Sunkarie,APC,FF333C,45059,82.56,Yes,Final/Certified,/sites/default/files/female-profile-blank-photo.png,female-profile-blank-photo.png,"First Round"
1116,1085,2012-11-17,Mayor,"District Results",Bombali,,Kamara,"Sunkarie Kabba",,,44906,86.95,Yes,Final/Certified,,,"First Round"
29778,18735,2018-03-07,Mayor,"District Results","Western Area Urban","Freetown City Council",Itam,Samuel,NGC,4B0082,25082,4.85,No,Final/Certified,/sites/default/files/male-blank-profile-photo.png,male-blank-profile-photo.png,"First Round"
29791,18748,2018-03-07,Mayor,"District Results",Kono,"Koidu City Council",Sam,Komba,C4C,D68910,23053,49.56,Yes,Final/Certified,/sites/default/files/male-blank-profile-photo.png,male-blank-profile-photo.png,"First Round"
3853,1081,2012-11-17,Mayor,"District Results",Kono,,Lamina,"Saa Emerson",,,22341,56.57,,Final/Certified,,,"First Round"
1112,1081,2012-11-17,Mayor,"District Results",Kono,,Lamina,"Saa Emerson",,,22341,57.56,,Final/Certified,,,"First Round"
3872,1092,2012-11-17,Mayor,"District Results",Bo,,Sillah,Sheik,,,17216,21.37,,Final/Certified,,,"First Round"
29761,18719,2018-03-07,Mayor,"District Results",Bo,"Bo City Council",Johnson,Christian,APC,FF333C,15604,16.94,No,Final/Certified,/sites/default/files/male-blank-profile-photo.png,male-blank-profile-photo.png,"First Round"
3854,1082,2012-11-17,Mayor,"District Results",Kono,,Tongu,"Sia Elizabeth",,,15018,38.69,,Final/Certified,,,"First Round"
3858,1076,2012-11-17,Mayor,"District Results",Kenema,,Sisay,IShmail,,,13877,19.36,,Final/Certified,,,"First Round"
29780,18737,2018-03-07,Mayor,"District Results",Kenema,"Kenema City Council",Massaquoi,Halimatu,APC,FF333C,11923,13.69,No,Final/Certified,/sites/default/files/female-profile-blank-photo.png,female-profile-blank-photo.png,"First Round"
29793,18750,2018-03-07,Mayor,"District Results",Kono,"Koidu City Council",Duwai,Sahr,SLPP,009900,11139,23.95,No,Final/Certified,/sites/default/files/male-blank-profile-photo.png,male-blank-profile-photo.png,"First Round"
29799,18756,2018-03-07,Mayor,"District Results","Port Loko","Port Loko City Council",Kamara,Abubakarr,APC,FF333C,10667,68.72,Yes,Final/Certified,/sites/default/files/male-blank-profile-photo.png,male-blank-profile-photo.png,"First Round"
29777,29776,2018-03-07,Mayor,"District Results","Western Area Urban","Freetown City Council",Barrie,Sheriff,NDA,1F681B,6731,1.30,No,Provisional,/sites/default/files/male-blank-profile-photo.png,male-blank-profile-photo.png,"First Round"
29765,18723,2018-03-07,Mayor,"District Results",Bo,"Bo City Council",Massaquoi,Michael,NGC,4B0082,5715,6.21,No,Final/Certified,/sites/default/files/male-blank-profile-photo.png,male-blank-profile-photo.png,"First Round"
3875,1093,2012-11-17,Mayor,"District Results",Bo,,Joemende,"Ellis Fayia Buakai",,,5545,6.88,,Final/Certified,,,"First Round"
3883,1102,2012-11-17,Mayor,"District Results","Western Area Urban",,Sheriff,Abdulai,,,5300,1.20,,Final/Certified,,,"First Round"
1579,1102,2012-11-17,Mayor,"District Results","Western Area Urban",,Sheriff,Abdulai,,,5300,1.20,,Final/Certified,,,"First Round"
29798,18755,2018-03-07,Mayor,"District Results",Bombali,"Makeni City Council",Bangura,Marie,SLPP,009900,5081,9.31,No,Final/Certified,/sites/default/files/female-profile-blank-photo.png,female-profile-blank-photo.png,"First Round"
29775,18733,2018-03-07,Mayor,"District Results","Western Area Urban","Freetown City Council",King,George,C4C,D68910,4151,0.80,No,Final/Certified,/sites/default/files/male-blank-profile-photo.png,male-blank-profile-photo.png,"First Round"
1583,1582,2012-11-17,Mayor,"District Results","Western Area Urban",,Macauley,"Albert A.",,,3320,0.75,,Final/Certified,,,"First Round"
3884,1582,2012-11-17,Mayor,"District Results","Western Area Urban",,Macauley,"Albert A.",,,3320,0.75,,Final/Certified,,,"First Round"
1117,1086,2012-11-17,Mayor,"District Results",Bombali,,Koroma,"Abu-Abu A.",,,2991,5.79,No,Final/Certified,,,"First Round"
3886,1103,2012-11-17,Mayor,"District Results","Western Area Urban",,Karim,"Paul M.",,,2576,0.58,,Final/Certified,,,"First Round"
1580,1103,2012-11-17,Mayor,"District Results","Western Area Urban",,Karim,"Paul M.",,,2576,0.58,,Final/Certified,,,"First Round"
29803,18760,2018-03-07,Mayor,"District Results","Port Loko","Port Loko City Council",Gogra,Emily,SLPP,009900,2456,15.82,No,Final/Certified,/sites/default/files/female-profile-blank-photo.png,female-profile-blank-photo.png,"First Round"
29773,18731,2018-03-07,Mayor,"District Results","Western Area Urban","Freetown City Council",Beckley,Peter,ADP,FF339F,2310,0.45,No,Final/Certified,/sites/default/files/male-blank-profile-photo.png,male-blank-profile-photo.png,"First Round"
3864,1077,2012-11-17,Mayor,"District Results",Kenema,,Koroma,"Andrew Saffa",,,1869,2.61,,Final/Certified,,,"First Round"
1107,1077,2012-11-17,Mayor,"District Results",Kenema,,Koroma,"Andrew Saffa",,,1869,2.61,,Final/Certified,,,"First Round"
1125,1094,2012-11-17,Mayor,"District Results",Bo,,Barrie,"Mohamed B.",,,1766,2.19,No,Final/Certified,,,"First Round"
3867,1078,2012-11-17,Mayor,"District Results",Kenema,,Kouyateh,"Ibrahim Sorie",,,1739,2.43,,Final/Certified,,,"First Round"
1108,1078,2012-11-17,Mayor,"District Results",Kenema,,Kouyateh,"Ibrahim Sorie",,,1739,2.43,,Final/Certified,,,"First Round"
29764,18722,2018-03-07,Mayor,"District Results",Bo,"Bonthe City Council",Barrie,Mohamed,NDA,1F681B,1599,1.74,Yes,Final/Certified,/sites/default/files/male-blank-profile-photo.png,male-blank-profile-photo.png,"First Round"
33549,18732,2018-03-07,Mayor,"District Results","Western Area Urban","Freetown City Council",Enssah,Bockarie,CDP,F1C40F,1571,0.30,No,Final/Certified,/sites/default/files/female-profile-blank-photo.png,female-profile-blank-photo.png,"First Round"
1382,1096,2012-11-17,Mayor,"District Results",Bonthe,,Sandi,"Layemin Joe",,,1564,54.88,,Final/Certified,,,"First Round"
29763,18721,2018-03-07,Mayor,"District Results",Bo,"Bo City Council",Walters,Mariama,C4C,D68910,1155,1.25,No,Final/Certified,/sites/default/files/female-profile-blank-photo.png,female-profile-blank-photo.png,"First Round"
1574,1097,2012-11-17,Mayor,"District Results",Bonthe,,Kong,"Alusine Sao",,,965,33.86,,Final/Certified,,,"First Round"
3859,1083,2012-11-17,Mayor,"District Results",Kono,,Kamanda,Hawa,,,906,2.33,,Final/Certified,,,"First Round"
1114,1083,2012-11-17,Mayor,"District Results",Kono,,Kamanda,Hawa,,,906,2.33,,Final/Certified,,,"First Round"
3871,1088,2012-11-17,Mayor,"District Results",Bombali,,Kargbo,"Alusine Titus",,,834,1.61,,Final/Certified,,,"First Round"
3888,1104,2012-11-17,Mayor,"District Results","Western Area Urban",,Tarawally,Osman,,,731,0.16,,Final/Certified,,,"First Round"
1581,1104,2012-11-17,Mayor,"District Results","Western Area Urban",,Tarawally,Osman,,,731,0.16,,Final/Certified,,,"First Round"
29762,18720,2018-03-07,Mayor,"District Results",Bo,"Bo City Council",Omar,Koroma,CDP,F1C40F,669,0.73,No,Final/Certified,/sites/default/files/male-blank-profile-photo.png,male-blank-profile-photo.png,"First Round"
1120,1089,2012-11-17,Mayor,"District Results",Bombali,,Kamara,"Steven J.",,,647,1.25,No,Final/Certified,,,"First Round"
1121,1090,2012-11-17,Mayor,"District Results",Bombali,,Conteh,"Mary Y.",,,603,1.17,No,Final/Certified,,,"First Round"
3880,1095,2012-11-17,Mayor,"District Results",Bo,,Mansaray,Yayah,,,394,0.49,,Final/Certified,,,"First Round"
1115,1084,2012-11-17,Mayor,"District Results",Kono,,Yongai,Moses,,,311,0.80,,Final/Certified,,,"First Round"
3860,1084,2012-11-17,Mayor,"District Results",Kono,,Yongai,Moses,,,311,0.80,,Final/Certified,,,"First Round"
3897,3894,2012-11-17,Mayor,"District Results",Kenema,,Musa,"Abdulai F",UDM,9900cc,310,0.43,,Final/Certified,,,"First Round"
3870,1109,2012-11-17,Mayor,"District Results",Kenema,,Musa,"Abdulai F.",,,310,0.43,,Final/Certified,,,"First Round"
1110,1079,2012-11-17,Mayor,"District Results",Kenema,,Musa,"Abdul F.",,,310,0.43,,Final/Certified,,,"First Round"
3895,3894,2012-11-17,Mayor,"District Results",Kenema,,Musa,"Abdulai F",UDM,9900cc,310,0.43,,Final/Certified,,,"First Round"
1575,1098,2012-11-17,Mayor,"District Results",Bonthe,,Tucker,"Thomas John Salia",,,306,10.74,,Final/Certified,,,"First Round"
1111,1080,2012-11-17,Mayor,"District Results",Kenema,,Vandi,Swaliho,,,139,0.19,,Final/Certified,,,"First Round"
3874,1080,2012-11-17,Mayor,"District Results",Kenema,,Vandi,Swaliho,,,139,0.19,,Final/Certified,,,"First Round"
1576,1099,2012-11-17,Mayor,"District Results",Bonthe,,Peters,"Jonathan Alexander",,,15,0.53,,Final/Certified,,,"First Round"
29767,18725,2018-03-07,Mayor,"District Results",Bonthe,"Bonthe City Council",Mansaray,Rashid,APC,FF333C,0,0.00,No,Provisional,/sites/default/files/male-blank-profile-photo.png,male-blank-profile-photo.png,"First Round"
29786,18743,2018-03-07,Mayor,"District Results",Kenema,"Kenema City Council",Bockarie,Alex,PMDC,F3881E,0,0.00,No,Provisional,/sites/default/files/male-blank-profile-photo.png,male-blank-profile-photo.png,"First Round"
29802,18759,2018-03-07,Mayor,"District Results","Port Loko",,William-West,Haja,NGC,4B0082,0,0.00,No,Provisional,/sites/default/files/female-profile-blank-photo.png,female-profile-blank-photo.png,"First Round"
29768,18726,2018-03-07,Mayor,"District Results",Bonthe,"Bonthe City Council",Kainyande,Mathew,CDP,F1C40F,0,0.00,No,Provisional,/sites/default/files/male-blank-profile-photo.png,male-blank-profile-photo.png,"First Round"
29795,18752,2018-03-07,Mayor,"District Results",Bombali,"Makeni City Council",Conteh,Mary,CDP,F1C40F,0,0.00,No,Provisional,/sites/default/files/female-profile-blank-photo.png,female-profile-blank-photo.png,"First Round"
29769,18727,2018-03-07,Mayor,"District Results",Bonthe,"Bonthe City Council",Sawyerr,Solomon,C4C,D68910,0,0.00,No,Provisional,/sites/default/files/male-blank-profile-photo.png,male-blank-profile-photo.png,"First Round"
29788,18745,2018-03-07,Mayor,"District Results",Kono,"Koidu City Council",Yamba,Sahr,APC,FF333C,0,0.00,No,Provisional,/sites/default/files/male-blank-profile-photo.png,male-blank-profile-photo.png,"First Round"
29796,18753,2018-03-07,Mayor,"District Results",Bombali,"Makeni City Council",Kamara,Jeneba,C4C,D68910,0,0.00,No,Provisional,/sites/default/files/female-profile-blank-photo.png,female-profile-blank-photo.png,"First Round"
29807,18802,2018-03-07,Mayor,"District Results",Bo,,Tangabay,Brima,NGC,4B0082,0,0.00,No,Provisional,/sites/default/files/male-blank-profile-photo.png,male-blank-profile-photo.png,"First Round"
1118,1087,2012-11-17,Mayor,"District Results",Bombali,,Conteh,"Kadiatu S.",,,0,0.00,No,Final/Certified,,,"First Round"
29771,18729,2018-03-07,Mayor,"District Results",Bonthe,"Bonthe City Council",Sandi,Layemin,SLPP,009900,0,0.00,No,Provisional,/sites/default/files/male-blank-profile-photo.png,male-blank-profile-photo.png,"First Round"
29781,18738,2018-03-07,Mayor,"District Results",Kenema,"Kenema City Council",Dugba,Fatimah,ADP,FF339F,0,0.00,No,Provisional,/sites/default/files/female-profile-blank-photo.png,female-profile-blank-photo.png,"First Round"
29789,18746,2018-03-07,Mayor,"District Results",Kono,"Koidu City Council",Sonsiama,Sahr,ADP,FF339F,0,0.00,No,Provisional,/sites/default/files/male-blank-profile-photo.png,male-blank-profile-photo.png,"First Round"
29797,18754,2018-03-07,Mayor,"District Results",Bombali,"Makeni City Council",Sesay,Mohamed,NGC,4B0082,0,0.00,No,Provisional,/sites/default/files/male-blank-profile-photo.png,male-blank-profile-photo.png,"First Round"
29814,19340,2018-03-07,Mayor,"District Results",Bonthe,"Bonthe City Council",Goba,Sylvester,APC,FF333C,0,0.00,No,Provisional,/sites/default/files/male-blank-profile-photo.png,male-blank-profile-photo.png,"First Round"
29782,18739,2018-03-07,Mayor,"District Results",Kenema,"Kenema City Council",Sannoh,Mottia,CDP,F1C40F,0,0.00,No,Provisional,/sites/default/files/male-blank-profile-photo.png,male-blank-profile-photo.png,"First Round"
29790,18747,2018-03-07,Mayor,"District Results",Kono,"Koidu City Council",Bandagbara,Musa,CDP,F1C40F,0,0.00,No,Provisional,/sites/default/files/male-blank-profile-photo.png,male-blank-profile-photo.png,"First Round"
29821,19558,2018-03-07,Mayor,"District Results",Falaba,,Marah,Ferenkeh,C4C,D68910,0,0.00,No,Provisional,/sites/default/files/male-blank-profile-photo.png,male-blank-profile-photo.png,"First Round"
29783,18740,2018-03-07,Mayor,"District Results",Kenema,"Kenema City Council",Ronald,Obenson,C4C,D68910,0,0.00,No,Provisional,/sites/default/files/male-blank-profile-photo.png,male-blank-profile-photo.png,"First Round"
29822,19568,2018-03-07,Mayor,"District Results",Falaba,,Turay,David,NGC,4B0082,0,0.00,No,Provisional,/sites/default/files/male-blank-profile-photo.png,male-blank-profile-photo.png,"First Round"
29784,18741,2018-03-07,Mayor,"District Results",Kenema,"Kenema City Council",Kuyateh,Ibrahim,NDA,1F681B,0,0.00,No,Provisional,/sites/default/files/male-blank-profile-photo.png,male-blank-profile-photo.png,"First Round"
29792,18749,2018-03-07,Mayor,"District Results",Kono,"Koidu City Council",Serba,Aneto,NGC,4B0082,0,0.00,No,Provisional,/sites/default/files/male-blank-profile-photo.png,male-blank-profile-photo.png,"First Round"
29800,18757,2018-03-07,Mayor,"District Results","Port Loko",,Kamara,Alimamy,CDP,F1C40F,0,0.00,No,Provisional,/sites/default/files/male-blank-profile-photo.png,male-blank-profile-photo.png,"First Round"
29824,19595,2018-03-07,Mayor,"District Results",Falaba,,Kondeh,Danda,SLPP,009900,0,0.00,No,Provisional,/sites/default/files/male-blank-profile-photo.png,male-blank-profile-photo.png,"First Round"
29785,18742,2018-03-07,Mayor,"District Results",Kenema,"Kenema City Council",Gondombo,Ibrahim,NGC,4B0082,0,0.00,No,Provisional,/sites/default/files/male-blank-profile-photo.png,male-blank-profile-photo.png,"First Round"
29801,18758,2018-03-07,Mayor,"District Results","Port Loko",,Conteh,Isatu,C4C,D68910,0,0.00,No,Provisional,/sites/default/files/female-profile-blank-photo.png,female-profile-blank-photo.png,"First Round"
29825,19623,2018-03-07,Mayor,"District Results",Falaba,,Maranda,Sajor,APC,FF333C,0,0.00,No,Provisional,/sites/default/files/male-blank-profile-photo.png,male-blank-profile-photo.png,"First Round"